"0","y[is.na(y)]=mean(y, na.rm = TRUE)"
"0","y"
"1"," [1]"
"1","  1.000000"
"1","  2.000000"
"1","  3.000000"
"1","  4.000000"
"1","  8.000000"
"1","  6.000000"
"1","  7.000000"
"1","
"
"1"," [8]"
"1","  8.000000"
"1","  9.000000"
"1"," 10.000000"
"1","  9.545455"
"1","  9.545455"
"1","  9.545455"
"1","  9.545455"
"1","
"
"1","[15]"
"1"," 47.000000"
"1","
"
